<?xml version="1.0" encoding="UTF-8"?>
<project name="javafx_exercise" default="all">
  
  
  <property file="AddressApp.properties"/>
  <!-- Uncomment the following property if no tests compilation is needed -->
  <!-- 
  <property name="skip.tests" value="true"/>
   -->
  
  <!-- Compiler options -->
  
  <property name="compiler.debug" value="on"/>
  <property name="compiler.generate.no.warnings" value="off"/>
  <property name="compiler.args" value=""/>
  <property name="compiler.max.memory" value="700m"/>
  <patternset id="ignored.files">
    <exclude name="**/*.hprof/**"/>
    <exclude name="**/*.pyc/**"/>
    <exclude name="**/*.pyo/**"/>
    <exclude name="**/*.rbc/**"/>
    <exclude name="**/*.yarb/**"/>
    <exclude name="**/*~/**"/>
    <exclude name="**/.DS_Store/**"/>
    <exclude name="**/.git/**"/>
    <exclude name="**/.hg/**"/>
    <exclude name="**/.svn/**"/>
    <exclude name="**/CVS/**"/>
    <exclude name="**/__pycache__/**"/>
    <exclude name="**/_svn/**"/>
    <exclude name="**/vssver.scc/**"/>
    <exclude name="**/vssver2.scc/**"/>
  </patternset>
  <patternset id="library.patterns">
    <include name="*.egg"/>
    <include name="*.jar"/>
    <include name="*.ear"/>
    <include name="*.klib"/>
    <include name="*.swc"/>
    <include name="*.war"/>
    <include name="*.zip"/>
    <include name="*.ane"/>
  </patternset>
  <patternset id="compiler.resources">
    <exclude name="**/?*.java"/>
    <exclude name="**/?*.form"/>
    <exclude name="**/?*.class"/>
    <exclude name="**/?*.groovy"/>
    <exclude name="**/?*.scala"/>
    <exclude name="**/?*.flex"/>
    <exclude name="**/?*.kt"/>
    <exclude name="**/?*.clj"/>
  </patternset>
  
  <!-- JDK definitions -->
  
  <property name="jdk.bin.1.8" value="${jdk.home.1.8}/bin"/>
  <path id="jdk.classpath.1.8">
    <fileset dir="${jdk.home.1.8}">
      <include name="jre/lib/charsets.jar"/>
      <include name="jre/lib/deploy.jar"/>
      <include name="jre/lib/ext/cldrdata.jar"/>
      <include name="jre/lib/ext/dnsns.jar"/>
      <include name="jre/lib/ext/jaccess.jar"/>
      <include name="jre/lib/ext/jfxrt.jar"/>
      <include name="jre/lib/ext/localedata.jar"/>
      <include name="jre/lib/ext/nashorn.jar"/>
      <include name="jre/lib/ext/sunec.jar"/>
      <include name="jre/lib/ext/sunjce_provider.jar"/>
      <include name="jre/lib/ext/sunpkcs11.jar"/>
      <include name="jre/lib/ext/zipfs.jar"/>
      <include name="jre/lib/javaws.jar"/>
      <include name="jre/lib/jce.jar"/>
      <include name="jre/lib/jfr.jar"/>
      <include name="jre/lib/jfxswt.jar"/>
      <include name="jre/lib/jsse.jar"/>
      <include name="jre/lib/management-agent.jar"/>
      <include name="jre/lib/plugin.jar"/>
      <include name="jre/lib/resources.jar"/>
      <include name="jre/lib/rt.jar"/>
      <include name="lib/ant-javafx.jar"/>
      <include name="lib/dt.jar"/>
      <include name="lib/javafx-mx.jar"/>
      <include name="lib/jconsole.jar"/>
      <include name="lib/packager.jar"/>
      <include name="lib/sa-jdi.jar"/>
      <include name="lib/tools.jar"/>
    </fileset>
  </path>
  
  <property name="project.jdk.home" value="${jdk.home.1.8}"/>
  <property name="project.jdk.bin" value="${jdk.bin.1.8}"/>
  <property name="project.jdk.classpath" value="jdk.classpath.1.8"/>
  <!-- Register Custom Compiler Taskdefs -->
  <property name="javac2.home" value="${idea.home}/lib"/>
  <path id="javac2.classpath">
    <fileset dir="${javac2.home}">
      <include name="javac2.jar"/>
      <include name="jdom.jar"/>
      <include name="asm-all*.jar"/>
      <include name="forms-*.jar"/>
    </fileset>
  </path>
  <target name="register.custom.compilers">
    <taskdef name="javac2" classname="com.intellij.ant.Javac2" classpathref="javac2.classpath"/>
    <taskdef name="instrumentIdeaExtensions" classname="com.intellij.ant.InstrumentIdeaExtensions" classpathref="javac2.classpath"/>
  </target>
  
  <!-- Modules -->
  
  
  <!-- Module JavaFX_Exercise -->
  
  <dirname property="module.javafx_exercise.basedir" file="${ant.file}"/>
  
  
  <property name="module.jdk.home.javafx_exercise" value="${project.jdk.home}"/>
  <property name="module.jdk.bin.javafx_exercise" value="${project.jdk.bin}"/>
  <property name="module.jdk.classpath.javafx_exercise" value="${project.jdk.classpath}"/>
  
  <property name="compiler.args.javafx_exercise" value="-encoding UTF-8 -source 8 -target 8 ${compiler.args}"/>
  
  <property name="javafx_exercise.output.dir" value="${module.javafx_exercise.basedir}/out/production/JavaFX_Exercise"/>
  <property name="javafx_exercise.testoutput.dir" value="${module.javafx_exercise.basedir}/out/test/JavaFX_Exercise"/>
  
  <path id="javafx_exercise.module.bootclasspath">
    <!-- Paths to be included in compilation bootclasspath -->
  </path>
  
  <path id="javafx_exercise.module.production.classpath">
    <path refid="${module.jdk.classpath.javafx_exercise}"/>
    <pathelement location="${basedir}/lib/controlsfx-8.0.6_20.jar"/>
  </path>
  
  <path id="javafx_exercise.runtime.production.module.classpath">
    <pathelement location="${javafx_exercise.output.dir}"/>
    <pathelement location="${basedir}/lib/controlsfx-8.0.6_20.jar"/>
  </path>
  
  <path id="javafx_exercise.module.classpath">
    <path refid="${module.jdk.classpath.javafx_exercise}"/>
    <pathelement location="${javafx_exercise.output.dir}"/>
    <pathelement location="${basedir}/lib/controlsfx-8.0.6_20.jar"/>
  </path>
  
  <path id="javafx_exercise.runtime.module.classpath">
    <pathelement location="${javafx_exercise.testoutput.dir}"/>
    <pathelement location="${javafx_exercise.output.dir}"/>
    <pathelement location="${basedir}/lib/controlsfx-8.0.6_20.jar"/>
  </path>
  
  
  <patternset id="excluded.from.module.javafx_exercise">
    <patternset refid="ignored.files"/>
  </patternset>
  
  <patternset id="excluded.from.compilation.javafx_exercise">
    <patternset refid="excluded.from.module.javafx_exercise"/>
  </patternset>
  
  <path id="javafx_exercise.module.sourcepath">
    <dirset dir="${module.javafx_exercise.basedir}">
      <include name="src"/>
    </dirset>
  </path>
  
  
  <target name="compile.module.javafx_exercise" depends="compile.module.javafx_exercise.production,compile.module.javafx_exercise.tests" description="Compile module JavaFX_Exercise"/>
  
  <target name="compile.module.javafx_exercise.production" depends="register.custom.compilers" description="Compile module JavaFX_Exercise; production classes">
    <mkdir dir="${javafx_exercise.output.dir}"/>
    <javac2 destdir="${javafx_exercise.output.dir}" debug="${compiler.debug}" nowarn="${compiler.generate.no.warnings}" memorymaximumsize="${compiler.max.memory}" fork="true" executable="${module.jdk.bin.javafx_exercise}/javac">
      <compilerarg line="${compiler.args.javafx_exercise}"/>
      <bootclasspath refid="javafx_exercise.module.bootclasspath"/>
      <classpath refid="javafx_exercise.module.production.classpath"/>
      <src refid="javafx_exercise.module.sourcepath"/>
      <patternset refid="excluded.from.compilation.javafx_exercise"/>
    </javac2>
    
    <copy todir="${javafx_exercise.output.dir}">
      <fileset dir="${module.javafx_exercise.basedir}/src">
        <patternset refid="compiler.resources"/>
        <type type="file"/>
      </fileset>
    </copy>
  </target>
  
  <target name="compile.module.javafx_exercise.tests" depends="register.custom.compilers,compile.module.javafx_exercise.production" description="compile module JavaFX_Exercise; test classes" unless="skip.tests"/>
  
  <target name="clean.module.javafx_exercise" description="cleanup module">
    <delete dir="${javafx_exercise.output.dir}"/>
    <delete dir="${javafx_exercise.testoutput.dir}"/>
  </target>
  
  <target name="init" description="Build initialization">
    <!-- Perform any build initialization in this target -->
  </target>
  
  <target name="clean" depends="clean.module.javafx_exercise" description="cleanup all"/>
  
  <target name="build.modules" depends="init, clean, compile.module.javafx_exercise" description="build all modules"/>
  
  <target name="all" depends="build.modules" description="build all"/>
</project>